{
  "FieldAwareAdaptor": {
    "cmaes": {
      "best_fitness": 0.8463137172740857,
      "fitness_history": [
        0.7108962840252064,
        0.7212887838627948,
        0.762941583836809,
        0.747872506983694,
        0.8463137172740857
      ],
      "duration_s": 6.8704142570495605,
      "best_params": {
        "advantage_threshold": 1.206215291635331,
        "disadvantage_threshold": 0.8957450957672393,
        "advantage_mult": 0.9759223284399309,
        "parity_mult": 0.9028279705439298,
        "disadvantage_mult": 1.4441678875669284,
        "base_exp": 1.3993677654327625,
        "t1_premium": 1.5573674690121897,
        "budget_urgency_scale": 1.5778741926305755
      }
    }
  },
  "VampireSweeper": {
    "cmaes": {
      "best_fitness": 0.5084019002143831,
      "fitness_history": [
        0.48414923016955763,
        0.4488019489378289,
        0.5084019002143831,
        0.47145181900864025,
        0.48903272266614695
      ],
      "duration_s": 4.194478988647461,
      "best_params": {
        "alpha": 0.7710584440841171,
        "budget_kicker": 3.9760611190628685
      }
    }
  },
  "FieldSniper": {
    "cmaes": {
      "best_fitness": 0.5943763009160008,
      "fitness_history": [
        0.5276756057948419,
        0.5943763009160008,
        0.5472780906905738,
        0.5305232313389203,
        0.5432776424348731
      ],
      "duration_s": 4.290850877761841,
      "best_params": {
        "alpha": 0.8981779036801009,
        "budget_kicker": 1.1290167894875331
      }
    }
  },
  "StarChaser": {
    "cmaes": {
      "best_fitness": 0.7001619762229585,
      "fitness_history": [
        0.6816706489962971,
        0.7001619762229585,
        0.6293776684207109,
        0.6993073897226014,
        0.6237872052231535
      ],
      "duration_s": 5.469624996185303,
      "best_params": {
        "elite_cap": 0.3092947815858943,
        "t1_solo_mult": 1.5198408449090206,
        "t1_extra_mult": 1.710016913840076,
        "t2_mult": 0.7117759359030139,
        "depth_mult": 0.302871325853033
      }
    }
  },
  "ValueInvestor": {
    "cmaes": {
      "best_fitness": 0.37774124277268895,
      "fitness_history": [
        0.29523728967712604,
        0.29988583771844357,
        0.31476183005262137,
        0.33376381796920684,
        0.37774124277268895
      ],
      "duration_s": 4.654964923858643,
      "best_params": {
        "urgency_min": 0.9998284003043871,
        "urgency_max": 1.713368501909228,
        "fair_base": 0.9462042184839712
      }
    }
  },
  "DynamicMaximizer": {
    "cmaes": {
      "best_fitness": 0.4468005781848893,
      "fitness_history": [
        0.42775008445397267,
        0.4468005781848893,
        0.40573167348794914,
        0.43159725849412073,
        0.40929280841941146
      ],
      "duration_s": 4.693002939224243,
      "best_params": {
        "base_exp": 1.3950830023767111,
        "exp_per_agent": 0.03783579716635157,
        "exp_cap": 2.7847685518210277
      }
    }
  },
  "ApexPredator": {
    "cmaes": {
      "best_fitness": 0.3661178595790294,
      "fitness_history": [
        0.36435370947833434,
        0.36310067157149356,
        0.3661178595790294,
        0.3660734075553823,
        0.36483075748716953
      ],
      "duration_s": 5.547095060348511,
      "best_params": {
        "wc_discount": 0.9698021962625267,
        "efficiency_exp": 1.000066126840342,
        "adj_min": 1.1990099782725028,
        "adj_max": 1.5247145720261353
      }
    }
  },
  "BarbellStrategist": {
    "cmaes": {
      "best_fitness": 0.34511980120834146,
      "fitness_history": [
        0.3390040278048464,
        0.3444807737283181,
        0.34511980120834146,
        0.33608956993438577,
        0.33844700513220294
      ],
      "duration_s": 6.2700371742248535,
      "best_params": {
        "hi_cost_threshold": 0.24582194209796504,
        "lo_cost_threshold": 0.09411429388384557,
        "hi_penalty_mult": 1.3129272719963732,
        "lo_reward_mult": 0.5179960713615749,
        "mid_penalty_mult": 0.10123647506283096,
        "base_exp": 2.2997639710213034
      }
    }
  },
  "VampireMaximizer": {
    "cmaes": {
      "best_fitness": 0.6261079029428962,
      "fitness_history": [
        0.5649658058857924,
        0.5597404177223414,
        0.6261079029428962,
        0.6017065516793348,
        0.6139381764438381
      ],
      "duration_s": 6.931498050689697,
      "best_params": {
        "shade_margin": 0.40672377300004314,
        "bluff_floor_ratio": 0.38487837198387376,
        "bluff_cap_ratio": 0.6473223468945286,
        "purse_healthy_pct": 0.2123485909409029,
        "min_slots_to_bluff": 2,
        "elite_pts_threshold": 83.58933495928004,
        "elite_mult": 1.898017829103157,
        "normal_mult": 1.0249156542857656
      }
    }
  },
  "TierSniper": {
    "cmaes": {
      "best_fitness": 0.44639958097836685,
      "fitness_history": [
        0.4171597479373742,
        0.44639958097836685,
        0.42591678035470676,
        0.43489376339894764,
        0.41922902942896134
      ],
      "duration_s": 6.357353925704956,
      "best_params": {
        "t1_cap": 0.25533579304142057,
        "t1_solo_mult": 3.3017537244193256,
        "t1_price_enforce_mult": 0.8183683115676064,
        "t1_sit_back_mult": 0.7105798312646125,
        "t1_enforce_when_remaining": 2,
        "t2_mult": 1.2027267089734406,
        "depth_mult": 0.43735871937416715
      }
    }
  },
  "NominationGambler": {
    "cmaes": {
      "best_fitness": 0.5231104365620737,
      "fitness_history": [
        0.41052619697264997,
        0.5231104365620737,
        0.49750685701292796,
        0.4563565906580914,
        0.49287734359773927
      ],
      "duration_s": 7.309807300567627,
      "best_params": {
        "phase_a_threshold": 4,
        "phase_b_threshold": 1,
        "phase_a_t1_mult": 1.6901242968997114,
        "phase_a_other_mult": 0.49733841691083536,
        "phase_b_t1_exp": 2.499621209940936,
        "phase_b_t2_mult": 1.0006321564283656,
        "phase_b_depth_mult": 0.388277226480733,
        "phase_c_exp": 2.223822562978133
      }
    }
  },
  "PositionalArbitrageur": {
    "cmaes": {
      "best_fitness": 0.6387117943220946,
      "fitness_history": [
        0.4955265575261484,
        0.48865779250308583,
        0.5192682030793219,
        0.5110422951991166,
        0.6387117943220946
      ],
      "duration_s": 7.37374210357666,
      "best_params": {
        "target_bat": 6,
        "target_bowl": 5,
        "target_ar": 2,
        "target_wk": 1,
        "scarcity_cap": 3.745809845835279,
        "filled_discount": 0.8747881285708095,
        "scarcity_exp": 0.5434152999682784,
        "premium_exp": 1.7985478714913157
      }
    }
  },
  "BudgetSweeper": {
    "cmaes": {
      "best_fitness": 0.31946279152861695,
      "fitness_history": [
        0.30846805690898466,
        0.31355846163840706,
        0.31946279152861695,
        0.3092101572143182,
        0.3113236243747158
      ],
      "duration_s": 6.292089223861694,
      "best_params": {
        "hoard_until": 0.40323545338827793,
        "sweep_from": 0.218942589796536,
        "hoard_mult": 0.4417121105358057,
        "transition_mult": 0.7772105566862847,
        "sweep_exp": 2.1605655728297903,
        "sweep_boost": 1.430169495441079,
        "underspend_boost": 2.4982908939933592
      }
    }
  },
  "ContrarianSnapper": {
    "cmaes": {
      "best_fitness": 0.5362098843630222,
      "fitness_history": [
        0.5301569642045085,
        0.5096295166634185,
        0.5068586825180277,
        0.4863822906515949,
        0.5362098843630222
      ],
      "duration_s": 6.952187776565552,
      "best_params": {
        "competition_threshold": 5,
        "t1_contested_mult": 0.9068909914490121,
        "t1_uncontested_mult": 2.097977468875969,
        "t2_mult": 1.0496122966314974,
        "t3_snap_mult": 0.9444663782679837,
        "t3_min_pts": 79.91220720148375,