{
  "FieldAwareAdaptor": {
    "cmaes": {
      "best_fitness": 0.5225247474747474,
      "fitness_history": [
        0.43447020202020203,
        0.4777510101010102,
        0.44490808080808086,
        0.511119191919192,
        0.5225247474747474
      ],
      "duration_s": 7.765231132507324,
      "best_params": {
        "advantage_threshold": 1.0500079940215024,
        "disadvantage_threshold": 0.8830412890496555,
        "advantage_mult": 0.6021797662403566,
        "parity_mult": 1.1423565249412517,
        "disadvantage_mult": 1.0549312974618585,
        "base_exp": 1.9982380833649973,
        "t1_premium": 1.7965378232856395,
        "budget_urgency_scale": 1.0555139439110763
      }
    }
  },
  "VampireSweeper": {
    "cmaes": {
      "best_fitness": 0.3422989898989899,
      "fitness_history": [
        0.3279767676767677,
        0.33717777777777774,
        0.3231959595959596,
        0.3422989898989899,
        0.32049444444444447
      ],
      "duration_s": 4.747412204742432,
      "best_params": {
        "alpha": 0.8977438412471066,
        "budget_kicker": 1.6356299273334036
      }
    }
  },
  "FieldSniper": {
    "cmaes": {
      "best_fitness": 0.3462560606060606,
      "fitness_history": [
        0.3100742424242424,
        0.32578535353535354,
        0.3462560606060606,
        0.32517070707070705,
        0.329970202020202
      ],
      "duration_s": 4.796027898788452,
      "best_params": {
        "alpha": 0.5403977903970173,
        "budget_kicker": 3.339008106953177
      }
    }
  },
  "StarChaser": {
    "cmaes": {
      "best_fitness": 0.5090868686868687,
      "fitness_history": [
        0.4258777777777778,
        0.5090868686868687,
        0.45188434343434347,
        0.46463282828282826,
        0.46673030303030305
      ],
      "duration_s": 6.184666872024536,
      "best_params": {
        "elite_cap": 0.20469993020509264,
        "t1_solo_mult": 3.9699979811344264,
        "t1_extra_mult": 1.1130819768150846,
        "t2_mult": 1.497323258528828,
        "depth_mult": 0.3863734222853571
      }
    }
  },
  "ValueInvestor": {
    "cmaes": {
      "best_fitness": 0.49500707070707073,
      "fitness_history": [
        0.41147979797979795,
        0.46670959595959594,
        0.4466474747474748,
        0.49500707070707073,
        0.40147727272727274
      ],
      "duration_s": 5.154829978942871,
      "best_params": {
        "urgency_min": 0.985466603582559,
        "urgency_max": 1.8565734691356122,
        "fair_base": 0.3671950128460218
      }
    }
  },
  "DynamicMaximizer": {
    "cmaes": {
      "best_fitness": 0.5013898989898989,
      "fitness_history": [
        0.5013898989898989,
        0.47077727272727277,
        0.43581060606060606,
        0.4739227272727273,
        0.4973742424242424
      ],
      "duration_s": 5.212585926055908,
      "best_params": {
        "base_exp": 1.9950202038717557,
        "exp_per_agent": 0.14978103936788187,
        "exp_cap": 2.9696291623452282
      }
    }
  },
  "ApexPredator": {
    "cmaes": {
      "best_fitness": 0.31194494949494944,
      "fitness_history": [
        0.297179797979798,
        0.304770202020202,
        0.31194494949494944,
        0.30979747474747477,
        0.3066106060606061
      ],
      "duration_s": 6.266599178314209,
      "best_params": {
        "wc_discount": 0.9998420475627869,
        "efficiency_exp": 2.306862552609587,
        "adj_min": 1.0462964304662616,
        "adj_max": 2.541703270687365
      }
    }
  },
  "BarbellStrategist": {
    "cmaes": {
      "best_fitness": 0.35833434343434345,
      "fitness_history": [
        0.35529343434343436,
        0.34904545454545455,
        0.3505954545454546,
        0.35833434343434345,
        0.3571515151515151
      ],
      "duration_s": 7.184574842453003,
      "best_params": {
        "hi_cost_threshold": 0.25893090562943555,
        "lo_cost_threshold": 0.0998269048017353,
        "hi_penalty_mult": 1.9999981397138626,
        "lo_reward_mult": 1.8676780473602967,
        "mid_penalty_mult": 0.09609671867096445,
        "base_exp": 2.332630255721045
      }
    }
  },
  "VampireMaximizer": {
    "cmaes": {
      "best_fitness": 0.6365929292929293,
      "fitness_history": [
        0.5959363636363637,
        0.6198116161616163,
        0.6112171717171717,
        0.6365929292929293,
        0.59964898989899
      ],
      "duration_s": 7.915342807769775,
      "best_params": {
        "shade_margin": 0.4032024863166291,
        "bluff_floor_ratio": 0.4052352139776942,
        "bluff_cap_ratio": 0.4328902017694773,
        "purse_healthy_pct": 0.31652315758518623,
        "min_slots_to_bluff": 4,
        "elite_pts_threshold": 95.2434047526914,
        "elite_mult": 1.3513848084003641,
        "normal_mult": 1.133647984939576
      }
    }
  },
  "TierSniper": {
    "cmaes": {
      "best_fitness": 0.5072676767676768,
      "fitness_history": [
        0.4208676767676768,
        0.5049934343434344,
        0.4285075757575758,
        0.43834343434343437,
        0.5072676767676768
      ],
      "duration_s": 7.031111240386963,
      "best_params": {
        "t1_cap": 0.31042333121496674,
        "t1_solo_mult": 3.773519039987224,
        "t1_price_enforce_mult": 1.143955304817227,
        "t1_sit_back_mult": 0.5408626920858371,
        "t1_enforce_when_remaining": 2,
        "t2_mult": 1.4428636164475532,
        "depth_mult": 0.30086096154095715
      }
    }
  },
  "NominationGambler": {
    "cmaes": {
      "best_fitness": 0.8628969696969697,
      "fitness_history": [
        0.8481181818181818,
        0.8044065656565658,
        0.8628969696969697,
        0.777248484848485,
        0.8307520202020203
      ],
      "duration_s": 7.62589693069458,
      "best_params": {
        "phase_a_threshold": 5,
        "phase_b_threshold": 1,
        "phase_a_t1_mult": 2.4991035331931006,
        "phase_a_other_mult": 0.10115999136508272,
        "phase_b_t1_exp": 1.2414945218576743,
        "phase_b_t2_mult": 1.4929308095818292,
        "phase_b_depth_mult": 0.3946867171052144,
        "phase_c_exp": 2.6773667723249113
      }
    }
  },
  "PositionalArbitrageur": {
    "cmaes": {
      "best_fitness": 0.6694161616161616,
      "fitness_history": [
        0.6486015151515152,
        0.6054247474747475,
        0.6361757575757576,
        0.6605030303030304,
        0.6694161616161616
      ],
      "duration_s": 7.5499749183654785,
      "best_params": {
        "target_bat": 4,
        "target_bowl": 5,
        "target_ar": 2,
        "target_wk": 1,
        "scarcity_cap": 1.785205838604714,
        "filled_discount": 0.44837209645255827,
        "scarcity_exp": 0.5433713913197747,
        "premium_exp": 1.8761680260405766
      }
    }
  },
  "BudgetSweeper": {
    "cmaes": {
      "best_fitness": 0.36608939393939394,
      "fitness_history": [
        0.29896969696969694,
        0.3002767676767677,
        0.36608939393939394,
        0.34668838383838385,
        0.29372121212121205
      ],
      "duration_s": 6.7209930419921875,
      "best_params": {
        "hoard_until": 0.6412804104282167,
        "sweep_from": 0.3125646649697112,
        "hoard_mult": 0.17017466222238606,
        "transition_mult": 0.6003731155539221,
        "sweep_exp": 2.3029953800585705,
        "sweep_boost": 1.3768877585716517,
        "underspend_boost": 2.425502837219553
      }
    }
  },
  "ContrarianSnapper": {
    "cmaes": {
      "best_fitness": 0.4357257575757575,
      "fitness_history": [
        0.3805666666666667,
        0.40127525252525253,
        0.4357257575757575,
        0.4250272727272728,
        0.3901262626262626
      ],
      "duration_s": 7.818647861480713,
      "best_params": {
        "competition_threshold": 5,
        "t1_contested_mult": 0.823704580798073,
        "t1_uncontested_mult": 2.11200259459942,
        "t2_mult": 1.2957981106149183,
        "t3_snap_mult": 0.940662751863469,
        "t3_min_pts": 78.239272117963,