{
  "FieldAwareAdaptor": {
    "cmaes": {
      "best_fitness": 0.9690429292929293,
      "fitness_history": [
        0.9577866161616163,
        0.9690429292929293,
        0.9655593434343436,
        0.9613623737373738,
        0.9652411616161617
      ],
      "duration_s": 3.671627998352051,
      "best_params": {
        "advantage_threshold": 1.147898414828981,
        "disadvantage_threshold": 0.9394070445128397,
        "advantage_mult": 0.6228773639029136,
        "parity_mult": 1.1396683718443803,
        "disadvantage_mult": 1.3645022454609999,
        "base_exp": 1.4075177397508494,
        "t1_premium": 1.7754963656316143,
        "budget_urgency_scale": 1.556528274533232
      }
    }
  },
  "VampireSweeper": {
    "cmaes": {
      "best_fitness": 0.4020555555555556,
      "fitness_history": [
        0.3378042929292929,
        0.3477992424242424,
        0.3995050505050506,
        0.3962020202020202,
        0.4020555555555556
      ],
      "duration_s": 2.230084180831909,
      "best_params": {
        "alpha": 0.8959830995804359,
        "budget_kicker": 2.5469858479316962
      }
    }
  },
  "FieldSniper": {
    "cmaes": {
      "best_fitness": 0.3380909090909091,
      "fitness_history": [
        0.3380909090909091,
        0.3307045454545455,
        0.33070075757575756,
        0.33729419191919197,
        0.3286212121212122
      ],
      "duration_s": 2.247567892074585,
      "best_params": {
        "alpha": 0.12145877487356123,
        "budget_kicker": 3.32017456510545
      }
    }
  },
  "StarChaser": {
    "cmaes": {
      "best_fitness": 0.6154747474747475,
      "fitness_history": [
        0.5526085858585859,
        0.6112853535353535,
        0.5093977272727273,
        0.6154747474747475,
        0.5028434343434344
      ],
      "duration_s": 2.9201738834381104,
      "best_params": {
        "elite_cap": 0.2001343080732274,
        "t1_solo_mult": 3.2960902133551655,
        "t1_extra_mult": 1.9925337747437737,
        "t2_mult": 0.9469997825738532,
        "depth_mult": 0.38923529127234163
      }
    }
  },
  "ValueInvestor": {
    "cmaes": {
      "best_fitness": 0.31432323232323234,
      "fitness_history": [
        0.31432323232323234,
        0.292604797979798,
        0.24258585858585863,
        0.24098232323232324,
        0.24673863636363635
      ],
      "duration_s": 2.5648088455200195,
      "best_params": {
        "urgency_min": 0.9445506360787623,
        "urgency_max": 1.8749213641466185,
        "fair_base": 0.5027102354043835
      }
    }
  },
  "DynamicMaximizer": {
    "cmaes": {
      "best_fitness": 0.42654040404040405,
      "fitness_history": [
        0.36565782828282833,
        0.3635719696969697,
        0.42654040404040405,
        0.30734469696969696,
        0.36409595959595964
      ],
      "duration_s": 2.433332920074463,
      "best_params": {
        "base_exp": 1.6946266678774877,
        "exp_per_agent": 0.12806554776861062,
        "exp_cap": 2.492207246875969
      }
    }
  },
  "ApexPredator": {
    "cmaes": {
      "best_fitness": 0.34808459595959595,
      "fitness_history": [
        0.3346136363636364,
        0.34774621212121215,
        0.34028914141414146,
        0.34808459595959595,
        0.3428560606060606
      ],
      "duration_s": 2.8891849517822266,
      "best_params": {
        "wc_discount": 0.9984911298665832,
        "efficiency_exp": 2.3746676694292734,
        "adj_min": 1.195537241867365,
        "adj_max": 2.755548125991651
      }
    }
  },
  "BarbellStrategist": {
    "cmaes": {
      "best_fitness": 0.36584722222222227,
      "fitness_history": [
        0.36084848484848486,
        0.3589545454545454,
        0.3583169191919192,
        0.358493686868687,
        0.36584722222222227
      ],
      "duration_s": 3.273317813873291,
      "best_params": {
        "hi_cost_threshold": 0.18505677059326076,
        "lo_cost_threshold": 0.09961932914317218,
        "hi_penalty_mult": 1.4385441865467705,
        "lo_reward_mult": 1.0939287728573888,
        "mid_penalty_mult": 0.4467898238870519,
        "base_exp": 1.3824018570958951
      }
    }
  },
  "VampireMaximizer": {
    "cmaes": {
      "best_fitness": 0.9420568181818182,
      "fitness_history": [
        0.8331868686868688,
        0.8272550505050505,
        0.9420568181818182,
        0.8219318181818183,
        0.7692121212121212
      ],
      "duration_s": 3.6392030715942383,
      "best_params": {
        "shade_margin": 0.3349482162690993,
        "bluff_floor_ratio": 0.2850228940809989,
        "bluff_cap_ratio": 0.4861545319416938,
        "purse_healthy_pct": 0.2114393654702454,
        "min_slots_to_bluff": 3,
        "elite_pts_threshold": 92.6309056094527,
        "elite_mult": 1.9885620592114135,
        "normal_mult": 1.1966739633188428
      }
    }
  },
  "TierSniper": {
    "cmaes": {
      "best_fitness": 0.35454924242424246,
      "fitness_history": [
        0.3467007575757576,
        0.3507045454545455,
        0.34848232323232325,
        0.3491388888888889,
        0.35454924242424246
      ],
      "duration_s": 3.3168439865112305,
      "best_params": {
        "t1_cap": 0.2951256328876939,
        "t1_solo_mult": 3.9148697905127885,
        "t1_price_enforce_mult": 0.9151849198160621,
        "t1_sit_back_mult": 0.7523101039186502,
        "t1_enforce_when_remaining": 2,
        "t2_mult": 1.497085614749131,
        "depth_mult": 0.6019142660821525
      }
    }
  },
  "NominationGambler": {
    "cmaes": {
      "best_fitness": 0.9637411616161616,
      "fitness_history": [
        0.8535416666666668,
        0.7924431818181819,
        0.7409116161616162,
        0.9637411616161616,
        0.8528775252525252
      ],
      "duration_s": 3.8818540573120117,
      "best_params": {
        "phase_a_threshold": 5,
        "phase_b_threshold": 1,
        "phase_a_t1_mult": 2.094565393716824,
        "phase_a_other_mult": 0.13712692722652162,
        "phase_b_t1_exp": 1.6252787978656742,
        "phase_b_t2_mult": 1.030797135639383,
        "phase_b_depth_mult": 0.5441760805527939,
        "phase_c_exp": 2.5467416958249456
      }
    }
  },
  "PositionalArbitrageur": {
    "cmaes": {
      "best_fitness": 0.41204671717171715,
      "fitness_history": [
        0.3471489898989899,
        0.411229797979798,
        0.41204671717171715,
        0.4096275252525252,
        0.4038118686868687
      ],
      "duration_s": 3.5407609939575195,
      "best_params": {
        "target_bat": 4,
        "target_bowl": 3,
        "target_ar": 1,
        "target_wk": 1,
        "scarcity_cap": 1.9957238076895463,
        "filled_discount": 0.8094335276239832,
        "scarcity_exp": 0.608361986928179,
        "premium_exp": 1.9473345465423852
      }
    }
  },
  "BudgetSweeper": {
    "cmaes": {
      "best_fitness": 0.2919015151515152,
      "fitness_history": [
        0.2854242424242424,
        0.2919015151515152,
        0.2818825757575758,
        0.28242676767676766,
        0.27505050505050505
      ],
      "duration_s": 3.1533899307250977,
      "best_params": {
        "hoard_until": 0.6101938210235021,
        "sweep_from": 0.3547447579868338,
        "hoard_mult": 0.5435461273426648,
        "transition_mult": 0.9579070867887738,
        "sweep_exp": 1.3391762635280209,
        "sweep_boost": 1.650340051922897,
        "underspend_boost": 1.525055350448591
      }
    }
  },
  "ContrarianSnapper": {
    "cmaes": {
      "best_fitness": 0.6831502525252526,
      "fitness_history": [
        0.6790479797979798,
        0.6741628787878788,
        0.6831502525252526,
        0.6687020202020202,
        0.6191212121212122
      ],
      "duration_s": 3.6578497886657715,
      "best_params": {
        "competition_threshold": 5,
        "t1_contested_mult": 0.9175663089865815,
        "t1_uncontested_mult": 2.1991507036905893,
        "t2_mult": 0.9027698215944855,
        "t3_snap_mult": 0.9759718529781848,
        "t3_min_pts": 33.557423736717865,