{
  "FieldAwareAdaptor": {
    "cmaes": {
      "best_fitness": 2.9253652363628486,
      "fitness_history": [
        2.9107908140063667,
        2.8204312133220726,
        2.860882581909526,
        2.832056795296564,
        2.7494544327508175,
        2.7075771129734303,
        2.8065428333225055,
        2.7371146733363654,
        2.767467414842245,
        2.8809245436237254,
        2.6997520788670184,
        2.730027009030079,
        2.9253652363628486,
        2.7821372647740326,
        2.8016191396522236
      ],
      "duration_s": 28.101240158081055,
      "best_params": {
        "advantage_threshold": 1.0712135661506832,
        "disadvantage_threshold": 0.883087479628188,
        "advantage_mult": 0.924860819715243,
        "parity_mult": 0.9740559259600357,
        "disadvantage_mult": 1.1794221491309813,
        "base_exp": 1.9757703169811653,
        "t1_premium": 1.7980827560819193,
        "budget_urgency_scale": 1.4044220370488385,
        "new_team_premium": 1.66227343666776
      }
    }
  },
  "VampireSweeper": {
    "cmaes": {
      "best_fitness": 2.3580367428917914,
      "fitness_history": [
        2.274247590896296,
        2.2330673087334074,
        2.251825266896209,
        2.2862536001212677,
        2.3406110136642204,
        2.290466321271574,
        2.247850890014942,
        2.288527263474741,
        2.3580367428917914,
        2.262771238008619,
        2.281042476017238,
        2.34337696247212,
        2.304849455380151,
        2.258656066610365,
        2.326766262803439
      ],
      "duration_s": 19.67924189567566,
      "best_params": {
        "alpha": 0.8733783313928594,
        "budget_kicker": 1.962693364423126,
        "new_team_premium": 1.6872534055566173
      }
    }
  },
  "FieldSniper": {
    "cmaes": {
      "best_fitness": 2.213106769310725,
      "fitness_history": [
        2.179758938045433,
        2.148540884384677,
        2.1426826912665935,
        2.1716953972584947,
        2.122992805171182,
        2.167329592455446,
        2.1421212997249834,
        2.1842857954914576,
        2.2077789687953406,
        2.137276608415081,
        2.182326717772148,
        2.213106769310725,
        2.1798409071222853,
        2.1864864765369543,
        2.187244472595769
      ],
      "duration_s": 19.825227975845337,
      "best_params": {
        "alpha": 0.8789223979086345,
        "budget_kicker": 2.4129847394656125,
        "new_team_premium": 1.9801122624135832
      }
    }
  },
  "StarChaser": {
    "cmaes": {
      "best_fitness": 2.351052291084693,
      "fitness_history": [
        2.351052291084693,
        2.2540004926481743,
        2.3094479579462526,
        2.3184840999155467,
        2.2544732237597187,
        2.244763398947574,
        2.326712607462267,
        2.3344289558024216,
        2.269566539985709,
        2.237110694254965,
        2.2943173845254345,
        2.251131602026896,
        2.315458076181815,
        2.27726158535265,
        2.297844978236862
      ],
      "duration_s": 24.642901182174683,
      "best_params": {
        "elite_cap": 0.2132693935329078,
        "t1_solo_mult": 1.6443563025390113,
        "t1_extra_mult": 1.987916551779708,
        "t2_mult": 0.8083041213222903,
        "depth_mult": 0.3019723993871355,
        "new_team_premium": 1.3113530179317179
      }
    }
  },
  "ValueInvestor": {
    "cmaes": {
      "best_fitness": 2.347656488880227,
      "fitness_history": [
        2.3123015223369934,
        2.320529629268715,
        2.2628044295025878,
        2.29449263734598,
        2.2344122003508096,
        2.292926530457568,
        2.279880362285888,
        2.331484446393383,
        2.270503378158904,
        2.2418104495549924,
        2.347656488880227,
        2.322495230516036,
        2.297856173801945,
        2.241038215422596,
        2.274307520734534
      ],
      "duration_s": 22.773778915405273,
      "best_params": {
        "urgency_min": 0.8864478922749941,
        "urgency_max": 1.3989571247453672,
        "fair_base": 0.4995007451433424,
        "new_team_premium": 1.9085224735950403
      }
    }
  },
  "DynamicMaximizer": {
    "cmaes": {
      "best_fitness": 2.4889954524783997,
      "fitness_history": [
        2.2220619491543783,
        2.3313221648368305,
        2.3582724831633435,
        2.380172437688127,
        2.4300513815803724,
        2.393575586305464,
        2.4889954524783997,
        2.4396063903505913,
        2.33731021135148,
        2.339070399965353,
        2.3243383897442564,
        2.3816120747525935,
        2.456422037073129,
        2.3871227776695036,
        2.3773412481864056
      ],
      "duration_s": 22.142842054367065,
      "best_params": {
        "base_exp": 1.6831179431385799,
        "exp_per_agent": 0.12241247485140826,
        "exp_cap": 2.4029188889180872,
        "new_team_premium": 1.9784429577983005
      }
    }
  },
  "ApexPredator": {
    "cmaes": {
      "best_fitness": 2.040397155633513,
      "fitness_history": [
        1.9586769581411458,
        1.993537901427056,
        1.9566096169254428,
        1.990288653933606,
        1.9938252398276277,
        2.0232661274605337,
        1.97020330669785,
        1.9798710290391734,
        2.040397155633513,
        1.9938026971134066,
        1.9923404686112733,
        1.9924414993828365,
        2.0172166406808287,
        2.0167521600727603,
        2.0335920494164013
      ],
      "duration_s": 22.081961154937744,
      "best_params": {
        "wc_discount": 0.9570412259823677,
        "efficiency_exp": 1.0003291643940446,
        "adj_min": 1.1053172063611105,
        "adj_max": 1.5464891547014992,
        "new_team_premium": 1.5152863053728045
      }
    }
  },
  "BarbellStrategist": {
    "cmaes": {
      "best_fitness": 2.223724057472011,
      "fitness_history": [
        2.1625672979059747,
        2.217997071179541,
        2.1283538729725633,
        2.187152114597544,
        2.0974275157539144,
        2.057248505814331,
        2.160118414214253,
        2.1578018796422618,
        2.176128759825895,
        2.1255846055566394,
        2.13418454275753,
        2.2115202148162583,
        2.1512588839082696,
        2.182427158448646,
        2.223724057472011
      ],
      "duration_s": 25.07449984550476,
      "best_params": {
        "hi_cost_threshold": 0.2758254332801022,
        "lo_cost_threshold": 0.09971155649236721,
        "hi_penalty_mult": 0.709813721430882,
        "lo_reward_mult": 0.5012607257108022,
        "mid_penalty_mult": 0.9961469764645712,
        "base_exp": 2.3937674247935328,
        "new_team_premium": 1.23506209402336
      }
    }
  },
  "VampireMaximizer": {
    "cmaes": {
      "best_fitness": 2.5712930336300057,
      "fitness_history": [
        2.4077995788128805,
        2.411740217414843,
        2.433153121548757,
        2.399938473115486,
        2.518127444292862,
        2.418965449663268,
        2.4443848340154624,
        2.5042283559626672,
        2.5048090040927704,
        2.5070121158968366,
        2.4871332315554695,
        2.471020593776392,
        2.429288837999957,
        2.5712930336300057,
        2.4881862643192796
      ],
      "duration_s": 27.867319107055664,
      "best_params": {
        "shade_margin": 0.7512235738793449,
        "bluff_floor_ratio": 0.388103709315919,
        "bluff_cap_ratio": 0.5775096757542202,
        "purse_healthy_pct": 0.22562052818655473,
        "min_slots_to_bluff": 2,
        "elite_pts_threshold": 74.12872053904795,
        "elite_mult": 1.3984598524467078,
        "normal_mult": 1.1971207730061006,
        "new_team_premium": 1.551006373502472
      }
    }
  },
  "TierSniper": {
    "cmaes": {
      "best_fitness": 2.049583620260291,