{
  "StarChaser": {
    "default": {
      "elite_cap": 0.35,
      "t1_solo_mult": 2.4,
      "t1_extra_mult": 1.2,
      "t2_mult": 1.0,
      "depth_mult": 0.55
    },
    "evolved": {
      "elite_cap": 0.2132693935329078,
      "t1_solo_mult": 1.6443563025390113,
      "t1_extra_mult": 1.987916551779708,
      "t2_mult": 0.8083041213222903,
      "depth_mult": 0.3019723993871355,
      "new_team_premium": 1.3113530179317179
    }
  },
  "ValueInvestor": {
    "default": {
      "urgency_min": 0.85,
      "urgency_max": 1.35,
      "fair_base": 0.5
    },
    "evolved": {
      "urgency_min": 0.8864478922749941,
      "urgency_max": 1.3989571247453672,
      "fair_base": 0.4995007451433424,
      "new_team_premium": 1.9085224735950403
    }
  },
  "DynamicMaximizer": {
    "default": {
      "base_exp": 1.4,
      "exp_per_agent": 0.07,
      "exp_cap": 2.0
    },
    "evolved": {
      "base_exp": 1.6831179431385799,
      "exp_per_agent": 0.12241247485140826,
      "exp_cap": 2.4029188889180872,
      "new_team_premium": 1.9784429577983005
    }
  },
  "ApexPredator": {
    "default": {
      "wc_discount": 0.9,
      "efficiency_exp": 1.5,
      "adj_min": 0.8,
      "adj_max": 2.0
    },
    "evolved": {
      "wc_discount": 0.9570412259823677,
      "efficiency_exp": 1.0003291643940446,
      "adj_min": 1.1053172063611105,
      "adj_max": 1.5464891547014992,
      "new_team_premium": 1.5152863053728045
    }
  },
  "BarbellStrategist": {
    "default": {
      "hi_cost_threshold": 0.12,
      "lo_cost_threshold": 0.04,
      "hi_penalty_mult": 0.8,
      "lo_reward_mult": 1.2,
      "mid_penalty_mult": 0.2,
      "base_exp": 1.55
    },
    "evolved": {
      "hi_cost_threshold": 0.2758254332801022,
      "lo_cost_threshold": 0.09971155649236721,
      "hi_penalty_mult": 0.709813721430882,
      "lo_reward_mult": 0.5012607257108022,
      "mid_penalty_mult": 0.9961469764645712,
      "base_exp": 2.3937674247935328,
      "new_team_premium": 1.23506209402336
    }
  },
  "VampireMaximizer": {
    "default": {
      "shade_margin": 0.5,
      "bluff_floor_ratio": 0.4,
      "bluff_cap_ratio": 0.6,
      "purse_healthy_pct": 0.4,
      "min_slots_to_bluff": 4,
      "elite_pts_threshold": 90.0,
      "elite_mult": 1.4,
      "normal_mult": 0.9
    },
    "evolved": {
      "shade_margin": 0.7512235738793449,
      "bluff_floor_ratio": 0.388103709315919,
      "bluff_cap_ratio": 0.5775096757542202,
      "purse_healthy_pct": 0.22562052818655473,
      "min_slots_to_bluff": 2,
      "elite_pts_threshold": 74.12872053904795,
      "elite_mult": 1.3984598524467078,
      "normal_mult": 1.1971207730061006,
      "new_team_premium": 1.551006373502472
    }
  },
  "TierSniper": {
    "default": {
      "t1_cap": 0.45,
      "t1_solo_mult": 2.8,
      "t1_price_enforce_mult": 1.05,
      "t1_sit_back_mult": 0.5,
      "t1_enforce_when_remaining": 3,
      "t2_mult": 1.1,
      "depth_mult": 0.65
    },
    "evolved": {
      "t1_cap": 0.32187632022591695,
      "t1_solo_mult": 3.704720459672928,
      "t1_price_enforce_mult": 1.0073763854763294,
      "t1_sit_back_mult": 0.7185351956643791,
      "t1_enforce_when_remaining": 1,
      "t2_mult": 1.499998878071347,
      "depth_mult": 0.43005384320770557,
      "new_team_premium": 1.9999750520579473
    }
  },
  "NominationGambler": {
    "default": {
      "phase_a_threshold": 8,
      "phase_b_threshold": 3,
      "phase_a_t1_mult": 1.5,
      "phase_a_other_mult": 0.25,
      "phase_b_t1_exp": 1.5,
      "phase_b_t2_mult": 0.9,
      "phase_b_depth_mult": 0.4,
      "phase_c_exp": 2.0
    },
    "evolved": {
      "phase_a_threshold": 11,
      "phase_b_threshold": 4,
      "phase_a_t1_mult": 2.148307515329618,
      "phase_a_other_mult": 0.10479054380985438,
      "phase_b_t1_exp": 1.9727737374682932,
      "phase_b_t2_mult": 0.9126530472398312,
      "phase_b_depth_mult": 0.5115156659106458,
      "phase_c_exp": 1.566613307886015,
      "new_team_premium": 1.2230816503039348
    }
  },
  "PositionalArbitrageur": {
    "default": {
      "target_bat": 5,
      "target_bowl": 4,
      "target_ar": 2,
      "target_wk": 2,
      "scarcity_cap": 2.5,
      "filled_discount": 0.7,
      "scarcity_exp": 0.8,
      "premium_exp": 1.4
    },
    "evolved": {
      "target_bat": 3,
      "target_bowl": 5,
      "target_ar": 2,
      "target_wk": 1,
      "scarcity_cap": 2.3941375938385785,
      "filled_discount": 0.8818107709826386,
      "scarcity_exp": 0.5187255253151885,
      "premium_exp": 1.988455636172023,
      "new_team_premium": 1.962223640813356
    }
  },
  "BudgetSweeper": {
    "default": {
      "hoard_until": 0.42,
      "sweep_from": 0.22,
      "hoard_mult": 0.72,
      "transition_mult": 0.92,
      "sweep_exp": 1.7,
      "sweep_boost": 1.4,
      "underspend_boost": 2.0
    },
    "evolved": {
      "hoard_until": 0.6763071910954421,
      "sweep_from": 0.32249565427749527,
      "hoard_mult": 0.5494298504641048,
      "transition_mult": 0.8654859119049081,
      "sweep_exp": 1.907655620845532,
      "sweep_boost": 1.0001635587299684,
      "underspend_boost": 2.4617321932541785,
      "new_team_premium": 1.657356568793677
    }
  },
  "FieldAwareAdaptor": {
    "default": {
      "advantage_threshold": 1.15,
      "disadvantage_threshold": 0.85,
      "advantage_mult": 0.82,
      "parity_mult": 1.0,
      "disadvantage_mult": 1.22,
      "base_exp": 1.45,
      "t1_premium": 1.25,
      "budget_urgency_scale": 1.3
    },
    "evolved": {
      "advantage_threshold": 1.0712135661506832,
      "disadvantage_threshold": 0.883087479628188,
      "advantage_mult": 0.924860819715243,
      "parity_mult": 0.9740559259600357,
      "disadvantage_mult": 1.1794221491309813,
      "base_exp": 1.9757703169811653,
      "t1_premium": 1.7980827560819193,
      "budget_urgency_scale": 1.4044220370488385,
      "new_team_premium": 1.66227343666776
    }
  },
  "ContrarianSnapper": {
    "default": {
      "competition_threshold": 3,
      "t1_contested_mult": 0.7,
      "t1_uncontested_mult": 1.5,
      "t2_mult": 1.1,
      "t3_snap_mult": 1.35,
      "t3_min_pts": 50.0,
      "late_pool_threshold": 0.25,
      "late_sweep_exp": 1.75
    },
    "evolved": {
      "competition_threshold": 5,
      "t1_contested_mult": 0.9152577778769176,
      "t1_uncontested_mult": 2.15193806695765,
      "t2_mult": 0.8418787338435353,
      "t3_snap_mult": 1.644258788900433,
      "t3_min_pts": 49.523231491027516,
      "late_pool_threshold": 0.32500263303986987,
      "late_sweep_exp": 2.4204447038555124,
      "new_team_premium": 1.1082853185935146
    }
  },
  "FieldSniper": {
    "default": {
      "alpha": 0.55,
      "budget_kicker": 1.8
    },
    "evolved": {
      "alpha": 0.8789223979086345,
      "budget_kicker": 2.4129847394656125,
      "new_team_premium": 1.9801122624135832
    }
  },
  "VampireSweeper": {
    "default": {
      "alpha": 0.6,
      "budget_kicker": 2.2
    },
    "evolved": {
      "alpha": 0.8733783313928594,
      "budget_kicker": 1.962693364423126,
      "new_team_premium": 1.6872534055566173
    }
  },
  "ContrarianArbitrageur": {
    "default": {
      "alpha": 0.5,
      "budget_kicker": 1.6
    },
    "evolved": {
      "alpha": 0.744699379026449,
      "budget_kicker": 3.594728455955798,
      "new_team_premium": 1.576186768689538
    }
  },
  "NominationFieldAdaptor": {
    "default": {
      "alpha": 0.5,
      "budget_kicker": 1.7
    },
    "evolved": {
      "alpha": 0.5064100212263031,
      "budget_kicker": 2.0451095014250122,
      "new_team_premium": 1.9525291880540874
    }
  },
  "VampireGambler": {
    "default": {
      "alpha": 0.6,
      "budget_kicker": 1.9
    },
    "evolved": {
      "alpha": 0.8655300588612992,
      "budget_kicker": 3.981096414579548,
      "new_team_premium": 1.4852178288115976
    }
  },
  "ContextualEnsemble": {
    "default": {
      "lw_field": 0.0,
      "lw_vampire": 0.0,
      "lw_gambler": 0.0,
      "lw_positional": 0.0,