{
  "StarChaser": {
    "default": {
      "elite_cap": 0.35,
      "t1_solo_mult": 2.4,
      "t1_extra_mult": 1.2,
      "t2_mult": 1.0,
      "depth_mult": 0.55
    },
    "evolved": {
      "elite_cap": 0.3092947815858943,
      "t1_solo_mult": 1.5198408449090206,
      "t1_extra_mult": 1.710016913840076,
      "t2_mult": 0.7117759359030139,
      "depth_mult": 0.302871325853033
    }
  },
  "ValueInvestor": {
    "default": {
      "urgency_min": 0.85,
      "urgency_max": 1.35,
      "fair_base": 0.5
    },
    "evolved": {
      "urgency_min": 0.9998284003043871,
      "urgency_max": 1.713368501909228,
      "fair_base": 0.9462042184839712
    }
  },
  "DynamicMaximizer": {
    "default": {
      "base_exp": 1.4,
      "exp_per_agent": 0.07,
      "exp_cap": 2.0
    },
    "evolved": {
      "base_exp": 1.3950830023767111,
      "exp_per_agent": 0.03783579716635157,
      "exp_cap": 2.7847685518210277
    }
  },
  "ApexPredator": {
    "default": {
      "wc_discount": 0.9,
      "efficiency_exp": 1.5,
      "adj_min": 0.8,
      "adj_max": 2.0
    },
    "evolved": {
      "wc_discount": 0.9698021962625267,
      "efficiency_exp": 1.000066126840342,
      "adj_min": 1.1990099782725028,
      "adj_max": 1.5247145720261353
    }
  },
  "BarbellStrategist": {
    "default": {
      "hi_cost_threshold": 0.12,
      "lo_cost_threshold": 0.04,
      "hi_penalty_mult": 0.8,
      "lo_reward_mult": 1.2,
      "mid_penalty_mult": 0.2,
      "base_exp": 1.55
    },
    "evolved": {
      "hi_cost_threshold": 0.24582194209796504,
      "lo_cost_threshold": 0.09411429388384557,
      "hi_penalty_mult": 1.3129272719963732,
      "lo_reward_mult": 0.5179960713615749,
      "mid_penalty_mult": 0.10123647506283096,
      "base_exp": 2.2997639710213034
    }
  },
  "VampireMaximizer": {
    "default": {
      "shade_margin": 0.5,
      "bluff_floor_ratio": 0.4,
      "bluff_cap_ratio": 0.6,
      "purse_healthy_pct": 0.4,
      "min_slots_to_bluff": 4,
      "elite_pts_threshold": 90.0,
      "elite_mult": 1.4,
      "normal_mult": 0.9
    },
    "evolved": {
      "shade_margin": 0.40672377300004314,
      "bluff_floor_ratio": 0.38487837198387376,
      "bluff_cap_ratio": 0.6473223468945286,
      "purse_healthy_pct": 0.2123485909409029,
      "min_slots_to_bluff": 2,
      "elite_pts_threshold": 83.58933495928004,
      "elite_mult": 1.898017829103157,
      "normal_mult": 1.0249156542857656
    }
  },
  "TierSniper": {
    "default": {
      "t1_cap": 0.45,
      "t1_solo_mult": 2.8,
      "t1_price_enforce_mult": 1.05,
      "t1_sit_back_mult": 0.5,
      "t1_enforce_when_remaining": 3,
      "t2_mult": 1.1,
      "depth_mult": 0.65
    },
    "evolved": {
      "t1_cap": 0.25533579304142057,
      "t1_solo_mult": 3.3017537244193256,
      "t1_price_enforce_mult": 0.8183683115676064,
      "t1_sit_back_mult": 0.7105798312646125,
      "t1_enforce_when_remaining": 2,
      "t2_mult": 1.2027267089734406,
      "depth_mult": 0.43735871937416715
    }
  },
  "NominationGambler": {
    "default": {
      "phase_a_threshold": 8,
      "phase_b_threshold": 3,
      "phase_a_t1_mult": 1.5,
      "phase_a_other_mult": 0.25,
      "phase_b_t1_exp": 1.5,
      "phase_b_t2_mult": 0.9,
      "phase_b_depth_mult": 0.4,
      "phase_c_exp": 2.0
    },
    "evolved": {
      "phase_a_threshold": 4,
      "phase_b_threshold": 1,
      "phase_a_t1_mult": 1.6901242968997114,
      "phase_a_other_mult": 0.49733841691083536,
      "phase_b_t1_exp": 2.499621209940936,
      "phase_b_t2_mult": 1.0006321564283656,
      "phase_b_depth_mult": 0.388277226480733,
      "phase_c_exp": 2.223822562978133
    }
  },
  "PositionalArbitrageur": {
    "default": {
      "target_bat": 5,
      "target_bowl": 4,
      "target_ar": 2,
      "target_wk": 2,
      "scarcity_cap": 2.5,
      "filled_discount": 0.7,
      "scarcity_exp": 0.8,
      "premium_exp": 1.4
    },
    "evolved": {
      "target_bat": 6,
      "target_bowl": 5,
      "target_ar": 2,
      "target_wk": 1,
      "scarcity_cap": 3.745809845835279,
      "filled_discount": 0.8747881285708095,
      "scarcity_exp": 0.5434152999682784,
      "premium_exp": 1.7985478714913157
    }
  },
  "BudgetSweeper": {
    "default": {
      "hoard_until": 0.42,
      "sweep_from": 0.22,
      "hoard_mult": 0.72,
      "transition_mult": 0.92,
      "sweep_exp": 1.7,
      "sweep_boost": 1.4,
      "underspend_boost": 2.0
    },
    "evolved": {
      "hoard_until": 0.40323545338827793,
      "sweep_from": 0.218942589796536,
      "hoard_mult": 0.4417121105358057,
      "transition_mult": 0.7772105566862847,
      "sweep_exp": 2.1605655728297903,
      "sweep_boost": 1.430169495441079,
      "underspend_boost": 2.4982908939933592
    }
  },
  "FieldAwareAdaptor": {
    "default": {
      "advantage_threshold": 1.15,
      "disadvantage_threshold": 0.85,
      "advantage_mult": 0.82,
      "parity_mult": 1.0,
      "disadvantage_mult": 1.22,
      "base_exp": 1.45,
      "t1_premium": 1.25,
      "budget_urgency_scale": 1.3
    },
    "evolved": {
      "advantage_threshold": 1.206215291635331,
      "disadvantage_threshold": 0.8957450957672393,
      "advantage_mult": 0.9759223284399309,
      "parity_mult": 0.9028279705439298,
      "disadvantage_mult": 1.4441678875669284,
      "base_exp": 1.3993677654327625,
      "t1_premium": 1.5573674690121897,
      "budget_urgency_scale": 1.5778741926305755
    }
  },
  "ContrarianSnapper": {
    "default": {
      "competition_threshold": 3,
      "t1_contested_mult": 0.7,
      "t1_uncontested_mult": 1.5,
      "t2_mult": 1.1,
      "t3_snap_mult": 1.35,
      "t3_min_pts": 50.0,
      "late_pool_threshold": 0.25,
      "late_sweep_exp": 1.75
    },
    "evolved": {
      "competition_threshold": 5,
      "t1_contested_mult": 0.9068909914490121,
      "t1_uncontested_mult": 2.097977468875969,
      "t2_mult": 1.0496122966314974,
      "t3_snap_mult": 0.9444663782679837,
      "t3_min_pts": 79.91220720148375,
      "late_pool_threshold": 0.2533491334275351,
      "late_sweep_exp": 2.1165823132617345
    }
  },
  "FieldSniper": {
    "default": {
      "alpha": 0.55,
      "budget_kicker": 1.8
    },
    "evolved": {
      "alpha": 0.8981779036801009,
      "budget_kicker": 1.1290167894875331
    }
  },
  "VampireSweeper": {
    "default": {
      "alpha": 0.6,
      "budget_kicker": 2.2
    },
    "evolved": {
      "alpha": 0.7710584440841171,
      "budget_kicker": 3.9760611190628685
    }
  },
  "ContrarianArbitrageur": {
    "default": {
      "alpha": 0.5,
      "budget_kicker": 1.6
    },
    "evolved": {
      "alpha": 0.6803839215397408,
      "budget_kicker": 3.867851197218838
    }
  }
}