{
  "StarChaser": {
    "default": {
      "elite_cap": 0.35,
      "t1_solo_mult": 2.4,
      "t1_extra_mult": 1.2,
      "t2_mult": 1.0,
      "depth_mult": 0.55
    },
    "evolved": {
      "elite_cap": 0.2001343080732274,
      "t1_solo_mult": 3.2960902133551655,
      "t1_extra_mult": 1.9925337747437737,
      "t2_mult": 0.9469997825738532,
      "depth_mult": 0.38923529127234163
    }
  },
  "ValueInvestor": {
    "default": {
      "urgency_min": 0.85,
      "urgency_max": 1.35,
      "fair_base": 0.5
    },
    "evolved": {
      "urgency_min": 0.9445506360787623,
      "urgency_max": 1.8749213641466185,
      "fair_base": 0.5027102354043835
    }
  },
  "DynamicMaximizer": {
    "default": {
      "base_exp": 1.4,
      "exp_per_agent": 0.07,
      "exp_cap": 2.0
    },
    "evolved": {
      "base_exp": 1.6946266678774877,
      "exp_per_agent": 0.12806554776861062,
      "exp_cap": 2.492207246875969
    }
  },
  "ApexPredator": {
    "default": {
      "wc_discount": 0.9,
      "efficiency_exp": 1.5,
      "adj_min": 0.8,
      "adj_max": 2.0
    },
    "evolved": {
      "wc_discount": 0.9984911298665832,
      "efficiency_exp": 2.3746676694292734,
      "adj_min": 1.195537241867365,
      "adj_max": 2.755548125991651
    }
  },
  "BarbellStrategist": {
    "default": {
      "hi_cost_threshold": 0.12,
      "lo_cost_threshold": 0.04,
      "hi_penalty_mult": 0.8,
      "lo_reward_mult": 1.2,
      "mid_penalty_mult": 0.2,
      "base_exp": 1.55
    },
    "evolved": {
      "hi_cost_threshold": 0.18505677059326076,
      "lo_cost_threshold": 0.09961932914317218,
      "hi_penalty_mult": 1.4385441865467705,
      "lo_reward_mult": 1.0939287728573888,
      "mid_penalty_mult": 0.4467898238870519,
      "base_exp": 1.3824018570958951
    }
  },
  "VampireMaximizer": {
    "default": {
      "shade_margin": 0.5,
      "bluff_floor_ratio": 0.4,
      "bluff_cap_ratio": 0.6,
      "purse_healthy_pct": 0.4,
      "min_slots_to_bluff": 4,
      "elite_pts_threshold": 90.0,
      "elite_mult": 1.4,
      "normal_mult": 0.9
    },
    "evolved": {
      "shade_margin": 0.3349482162690993,
      "bluff_floor_ratio": 0.2850228940809989,
      "bluff_cap_ratio": 0.4861545319416938,
      "purse_healthy_pct": 0.2114393654702454,
      "min_slots_to_bluff": 3,
      "elite_pts_threshold": 92.6309056094527,
      "elite_mult": 1.9885620592114135,
      "normal_mult": 1.1966739633188428
    }
  },
  "TierSniper": {
    "default": {
      "t1_cap": 0.45,
      "t1_solo_mult": 2.8,
      "t1_price_enforce_mult": 1.05,
      "t1_sit_back_mult": 0.5,
      "t1_enforce_when_remaining": 3,
      "t2_mult": 1.1,
      "depth_mult": 0.65
    },
    "evolved": {
      "t1_cap": 0.2951256328876939,
      "t1_solo_mult": 3.9148697905127885,
      "t1_price_enforce_mult": 0.9151849198160621,
      "t1_sit_back_mult": 0.7523101039186502,
      "t1_enforce_when_remaining": 2,
      "t2_mult": 1.497085614749131,
      "depth_mult": 0.6019142660821525
    }
  },
  "NominationGambler": {
    "default": {
      "phase_a_threshold": 8,
      "phase_b_threshold": 3,
      "phase_a_t1_mult": 1.5,
      "phase_a_other_mult": 0.25,
      "phase_b_t1_exp": 1.5,
      "phase_b_t2_mult": 0.9,
      "phase_b_depth_mult": 0.4,
      "phase_c_exp": 2.0
    },
    "evolved": {
      "phase_a_threshold": 5,
      "phase_b_threshold": 1,
      "phase_a_t1_mult": 2.094565393716824,
      "phase_a_other_mult": 0.13712692722652162,
      "phase_b_t1_exp": 1.6252787978656742,
      "phase_b_t2_mult": 1.030797135639383,
      "phase_b_depth_mult": 0.5441760805527939,
      "phase_c_exp": 2.5467416958249456
    }
  },
  "PositionalArbitrageur": {
    "default": {
      "target_bat": 5,
      "target_bowl": 4,
      "target_ar": 2,
      "target_wk": 2,
      "scarcity_cap": 2.5,
      "filled_discount": 0.7,
      "scarcity_exp": 0.8,
      "premium_exp": 1.4
    },
    "evolved": {
      "target_bat": 4,
      "target_bowl": 3,
      "target_ar": 1,
      "target_wk": 1,
      "scarcity_cap": 1.9957238076895463,
      "filled_discount": 0.8094335276239832,
      "scarcity_exp": 0.608361986928179,
      "premium_exp": 1.9473345465423852
    }
  },
  "BudgetSweeper": {
    "default": {
      "hoard_until": 0.42,
      "sweep_from": 0.22,
      "hoard_mult": 0.72,
      "transition_mult": 0.92,
      "sweep_exp": 1.7,
      "sweep_boost": 1.4,
      "underspend_boost": 2.0
    },
    "evolved": {
      "hoard_until": 0.6101938210235021,
      "sweep_from": 0.3547447579868338,
      "hoard_mult": 0.5435461273426648,
      "transition_mult": 0.9579070867887738,
      "sweep_exp": 1.3391762635280209,
      "sweep_boost": 1.650340051922897,
      "underspend_boost": 1.525055350448591
    }
  },
  "FieldAwareAdaptor": {
    "default": {
      "advantage_threshold": 1.15,
      "disadvantage_threshold": 0.85,
      "advantage_mult": 0.82,
      "parity_mult": 1.0,
      "disadvantage_mult": 1.22,
      "base_exp": 1.45,
      "t1_premium": 1.25,
      "budget_urgency_scale": 1.3
    },
    "evolved": {
      "advantage_threshold": 1.147898414828981,
      "disadvantage_threshold": 0.9394070445128397,
      "advantage_mult": 0.6228773639029136,
      "parity_mult": 1.1396683718443803,
      "disadvantage_mult": 1.3645022454609999,
      "base_exp": 1.4075177397508494,
      "t1_premium": 1.7754963656316143,
      "budget_urgency_scale": 1.556528274533232
    }
  },
  "ContrarianSnapper": {
    "default": {
      "competition_threshold": 3,
      "t1_contested_mult": 0.7,
      "t1_uncontested_mult": 1.5,
      "t2_mult": 1.1,
      "t3_snap_mult": 1.35,
      "t3_min_pts": 50.0,
      "late_pool_threshold": 0.25,
      "late_sweep_exp": 1.75
    },
    "evolved": {
      "competition_threshold": 5,
      "t1_contested_mult": 0.9175663089865815,
      "t1_uncontested_mult": 2.1991507036905893,
      "t2_mult": 0.9027698215944855,
      "t3_snap_mult": 0.9759718529781848,
      "t3_min_pts": 33.557423736717865,
      "late_pool_threshold": 0.1500013783741485,
      "late_sweep_exp": 2.458562868700133
    }
  },
  "FieldSniper": {
    "default": {
      "alpha": 0.55,
      "budget_kicker": 1.8
    },
    "evolved": {
      "alpha": 0.12145877487356123,
      "budget_kicker": 3.32017456510545
    }
  },
  "VampireSweeper": {
    "default": {
      "alpha": 0.6,
      "budget_kicker": 2.2
    },
    "evolved": {
      "alpha": 0.8959830995804359,
      "budget_kicker": 2.5469858479316962
    }
  },
  "ContrarianArbitrageur": {
    "default": {
      "alpha": 0.5,
      "budget_kicker": 1.6
    },
    "evolved": {
      "alpha": 0.7474734254964984,
      "budget_kicker": 3.696026182776597
    }
  },
  "NominationFieldAdaptor": {
    "default": {
      "alpha": 0.5,
      "budget_kicker": 1.7
    },
    "evolved": {
      "alpha": 0.5948751994174716,
      "budget_kicker": 1.5102276334276734
    }
  },
  "VampireGambler": {
    "default": {
      "alpha": 0.6,
      "budget_kicker": 1.9
    },
    "evolved": {
      "alpha": 0.6722630594038422,
      "budget_kicker": 3.619287108082609
    }
  },
  "ContextualEnsemble": {
    "default": {
      "lw_field": 0.0,
      "lw_vampire": 0.0,
      "lw_gambler": 0.0,
      "lw_positional": 0.0,
      "early_gambler_boost": 1.5,
      "late_field_boost": 1.4,
      "late_vampire_boost": 1.2,
      "t1_field_boost": 1.3,
      "t1_vampire_boost": 1.1,
      "budget_kicker": 1.5
    },
    "evolved": {
      "lw_field": -0.389516456594343,
      "lw_vampire": -0.39945545263044835,
      "lw_gambler": 1.7440559004215062,
      "lw_positional": -0.004892678959256269,
      "early_gambler_boost": 1.9148273788690215,
      "late_field_boost": 2.6487772594364785,
      "late_vampire_boost": 2.304352692685254,
      "t1_field_boost": 2.0261201128692146,
      "t1_vampire_boost": 1.9470386239559805,
      "budget_kicker": 2.088828599350074
    }
  }
}