{
  "StarChaser": {
    "default": {
      "elite_cap": 0.35,
      "t1_solo_mult": 2.4,
      "t1_extra_mult": 1.2,
      "t2_mult": 1.0,
      "depth_mult": 0.55
    },
    "evolved": {
      "elite_cap": 0.20469993020509264,
      "t1_solo_mult": 3.9699979811344264,
      "t1_extra_mult": 1.1130819768150846,
      "t2_mult": 1.497323258528828,
      "depth_mult": 0.3863734222853571
    }
  },
  "ValueInvestor": {
    "default": {
      "urgency_min": 0.85,
      "urgency_max": 1.35,
      "fair_base": 0.5
    },
    "evolved": {
      "urgency_min": 0.985466603582559,
      "urgency_max": 1.8565734691356122,
      "fair_base": 0.3671950128460218
    }
  },
  "DynamicMaximizer": {
    "default": {
      "base_exp": 1.4,
      "exp_per_agent": 0.07,
      "exp_cap": 2.0
    },
    "evolved": {
      "base_exp": 1.9950202038717557,
      "exp_per_agent": 0.14978103936788187,
      "exp_cap": 2.9696291623452282
    }
  },
  "ApexPredator": {
    "default": {
      "wc_discount": 0.9,
      "efficiency_exp": 1.5,
      "adj_min": 0.8,
      "adj_max": 2.0
    },
    "evolved": {
      "wc_discount": 0.9998420475627869,
      "efficiency_exp": 2.306862552609587,
      "adj_min": 1.0462964304662616,
      "adj_max": 2.541703270687365
    }
  },
  "BarbellStrategist": {
    "default": {
      "hi_cost_threshold": 0.12,
      "lo_cost_threshold": 0.04,
      "hi_penalty_mult": 0.8,
      "lo_reward_mult": 1.2,
      "mid_penalty_mult": 0.2,
      "base_exp": 1.55
    },
    "evolved": {
      "hi_cost_threshold": 0.25893090562943555,
      "lo_cost_threshold": 0.0998269048017353,
      "hi_penalty_mult": 1.9999981397138626,
      "lo_reward_mult": 1.8676780473602967,
      "mid_penalty_mult": 0.09609671867096445,
      "base_exp": 2.332630255721045
    }
  },
  "VampireMaximizer": {
    "default": {
      "shade_margin": 0.5,
      "bluff_floor_ratio": 0.4,
      "bluff_cap_ratio": 0.6,
      "purse_healthy_pct": 0.4,
      "min_slots_to_bluff": 4,
      "elite_pts_threshold": 90.0,
      "elite_mult": 1.4,
      "normal_mult": 0.9
    },
    "evolved": {
      "shade_margin": 0.4032024863166291,
      "bluff_floor_ratio": 0.4052352139776942,
      "bluff_cap_ratio": 0.4328902017694773,
      "purse_healthy_pct": 0.31652315758518623,
      "min_slots_to_bluff": 4,
      "elite_pts_threshold": 95.2434047526914,
      "elite_mult": 1.3513848084003641,
      "normal_mult": 1.133647984939576
    }
  },
  "TierSniper": {
    "default": {
      "t1_cap": 0.45,
      "t1_solo_mult": 2.8,
      "t1_price_enforce_mult": 1.05,
      "t1_sit_back_mult": 0.5,
      "t1_enforce_when_remaining": 3,
      "t2_mult": 1.1,
      "depth_mult": 0.65
    },
    "evolved": {
      "t1_cap": 0.31042333121496674,
      "t1_solo_mult": 3.773519039987224,
      "t1_price_enforce_mult": 1.143955304817227,
      "t1_sit_back_mult": 0.5408626920858371,
      "t1_enforce_when_remaining": 2,
      "t2_mult": 1.4428636164475532,
      "depth_mult": 0.30086096154095715
    }
  },
  "NominationGambler": {
    "default": {
      "phase_a_threshold": 8,
      "phase_b_threshold": 3,
      "phase_a_t1_mult": 1.5,
      "phase_a_other_mult": 0.25,
      "phase_b_t1_exp": 1.5,
      "phase_b_t2_mult": 0.9,
      "phase_b_depth_mult": 0.4,
      "phase_c_exp": 2.0
    },
    "evolved": {
      "phase_a_threshold": 5,
      "phase_b_threshold": 1,
      "phase_a_t1_mult": 2.4991035331931006,
      "phase_a_other_mult": 0.10115999136508272,
      "phase_b_t1_exp": 1.2414945218576743,
      "phase_b_t2_mult": 1.4929308095818292,
      "phase_b_depth_mult": 0.3946867171052144,
      "phase_c_exp": 2.6773667723249113
    }
  },
  "PositionalArbitrageur": {
    "default": {
      "target_bat": 5,
      "target_bowl": 4,
      "target_ar": 2,
      "target_wk": 2,
      "scarcity_cap": 2.5,
      "filled_discount": 0.7,
      "scarcity_exp": 0.8,
      "premium_exp": 1.4
    },
    "evolved": {
      "target_bat": 4,
      "target_bowl": 5,
      "target_ar": 2,
      "target_wk": 1,
      "scarcity_cap": 1.785205838604714,
      "filled_discount": 0.44837209645255827,
      "scarcity_exp": 0.5433713913197747,
      "premium_exp": 1.8761680260405766
    }
  },
  "BudgetSweeper": {
    "default": {
      "hoard_until": 0.42,
      "sweep_from": 0.22,
      "hoard_mult": 0.72,
      "transition_mult": 0.92,
      "sweep_exp": 1.7,
      "sweep_boost": 1.4,
      "underspend_boost": 2.0
    },
    "evolved": {
      "hoard_until": 0.6412804104282167,
      "sweep_from": 0.3125646649697112,
      "hoard_mult": 0.17017466222238606,
      "transition_mult": 0.6003731155539221,
      "sweep_exp": 2.3029953800585705,
      "sweep_boost": 1.3768877585716517,
      "underspend_boost": 2.425502837219553
    }
  },
  "FieldAwareAdaptor": {
    "default": {
      "advantage_threshold": 1.15,
      "disadvantage_threshold": 0.85,
      "advantage_mult": 0.82,
      "parity_mult": 1.0,
      "disadvantage_mult": 1.22,
      "base_exp": 1.45,
      "t1_premium": 1.25,
      "budget_urgency_scale": 1.3
    },
    "evolved": {
      "advantage_threshold": 1.0500079940215024,
      "disadvantage_threshold": 0.8830412890496555,
      "advantage_mult": 0.6021797662403566,
      "parity_mult": 1.1423565249412517,
      "disadvantage_mult": 1.0549312974618585,
      "base_exp": 1.9982380833649973,
      "t1_premium": 1.7965378232856395,
      "budget_urgency_scale": 1.0555139439110763
    }
  },
  "ContrarianSnapper": {
    "default": {
      "competition_threshold": 3,
      "t1_contested_mult": 0.7,
      "t1_uncontested_mult": 1.5,
      "t2_mult": 1.1,
      "t3_snap_mult": 1.35,
      "t3_min_pts": 50.0,
      "late_pool_threshold": 0.25,
      "late_sweep_exp": 1.75
    },
    "evolved": {
      "competition_threshold": 5,
      "t1_contested_mult": 0.823704580798073,
      "t1_uncontested_mult": 2.11200259459942,
      "t2_mult": 1.2957981106149183,
      "t3_snap_mult": 0.940662751863469,
      "t3_min_pts": 78.239272117963,
      "late_pool_threshold": 0.25457984734395445,
      "late_sweep_exp": 1.836538504650301
    }
  },
  "FieldSniper": {
    "default": {
      "alpha": 0.55,
      "budget_kicker": 1.8
    },
    "evolved": {
      "alpha": 0.5403977903970173,
      "budget_kicker": 3.339008106953177
    }
  },
  "VampireSweeper": {
    "default": {
      "alpha": 0.6,
      "budget_kicker": 2.2
    },
    "evolved": {
      "alpha": 0.8977438412471066,
      "budget_kicker": 1.6356299273334036
    }
  },
  "ContrarianArbitrageur": {
    "default": {
      "alpha": 0.5,
      "budget_kicker": 1.6
    },
    "evolved": {
      "alpha": 0.8496482828714587,
      "budget_kicker": 3.778622756605124
    }
  },
  "NominationFieldAdaptor": {
    "default": {
      "alpha": 0.5,
      "budget_kicker": 1.7
    },
    "evolved": {
      "alpha": 0.8999033087375716,
      "budget_kicker": 1.495072719657471
    }
  },
  "VampireGambler": {
    "default": {
      "alpha": 0.6,
      "budget_kicker": 1.9
    },
    "evolved": {
      "alpha": 0.881770300298241,
      "budget_kicker": 3.0946607754882414
    }
  },
  "ContextualEnsemble": {
    "default": {
      "lw_field": 0.0,
      "lw_vampire": 0.0,
      "lw_gambler": 0.0,
      "lw_positional": 0.0,
      "early_gambler_boost": 1.5,
      "late_field_boost": 1.4,
      "late_vampire_boost": 1.2,
      "t1_field_boost": 1.3,
      "t1_vampire_boost": 1.1,
      "budget_kicker": 1.5
    },
    "evolved": {
      "lw_field": -1.6245499592336266,
      "lw_vampire": -1.9663361154145997,
      "lw_gambler": 1.9896322699871893,
      "lw_positional": 0.12773535289813065,
      "early_gambler_boost": 2.3331861900341435,
      "late_field_boost": 2.8325458768378127,
      "late_vampire_boost": 2.300914679978664,
      "t1_field_boost": 1.5328289234914636,
      "t1_vampire_boost": 1.5282555176026142,
      "budget_kicker": 1.3249568992946612
    }
  }
}